[
  {
    "op": "core/text-transform",
    "engineConfig": {
      "facets": [],
      "mode": "row-based"
    },
    "columnName": "DBA Name",
    "expression": "value.trim()",
    "onError": "keep-original",
    "repeat": false,
    "repeatCount": 10,
    "description": "Text transform on cells in column DBA Name using expression value.trim()"
  },
  {
    "op": "core/text-transform",
    "engineConfig": {
      "facets": [],
      "mode": "row-based"
    },
    "columnName": "DBA Name",
    "expression": "value.replace(/[\\p{Zs}\\s]+/,' ')",
    "onError": "keep-original",
    "repeat": false,
    "repeatCount": 10,
    "description": "Text transform on cells in column DBA Name using expression value.replace(/[\\p{Zs}\\s]+/,' ')"
  },
  {
    "op": "core/text-transform",
    "engineConfig": {
      "facets": [],
      "mode": "row-based"
    },
    "columnName": "DBA Name",
    "expression": "value.toUppercase()",
    "onError": "keep-original",
    "repeat": false,
    "repeatCount": 10,
    "description": "Text transform on cells in column DBA Name using expression value.toUppercase()"
  },
  {
    "op": "core/text-transform",
    "engineConfig": {
      "facets": [],
      "mode": "row-based"
    },
    "columnName": "AKA Name",
    "expression": "value.trim()",
    "onError": "keep-original",
    "repeat": false,
    "repeatCount": 10,
    "description": "Text transform on cells in column AKA Name using expression value.trim()"
  },
  {
    "op": "core/text-transform",
    "engineConfig": {
      "facets": [],
      "mode": "row-based"
    },
    "columnName": "AKA Name",
    "expression": "value.replace(/[\\p{Zs}\\s]+/,' ')",
    "onError": "keep-original",
    "repeat": false,
    "repeatCount": 10,
    "description": "Text transform on cells in column AKA Name using expression value.replace(/[\\p{Zs}\\s]+/,' ')"
  },
  {
    "op": "core/text-transform",
    "engineConfig": {
      "facets": [],
      "mode": "row-based"
    },
    "columnName": "AKA Name",
    "expression": "value.toUppercase()",
    "onError": "keep-original",
    "repeat": false,
    "repeatCount": 10,
    "description": "Text transform on cells in column AKA Name using expression value.toUppercase()"
  },
  {
    "op": "core/text-transform",
    "engineConfig": {
      "facets": [],
      "mode": "row-based"
    },
    "columnName": "Facility Type",
    "expression": "value.trim()",
    "onError": "keep-original",
    "repeat": false,
    "repeatCount": 10,
    "description": "Text transform on cells in column Facility Type using expression value.trim()"
  },
  {
    "op": "core/text-transform",
    "engineConfig": {
      "facets": [],
      "mode": "row-based"
    },
    "columnName": "Facility Type",
    "expression": "value.replace(/[\\p{Zs}\\s]+/,' ')",
    "onError": "keep-original",
    "repeat": false,
    "repeatCount": 10,
    "description": "Text transform on cells in column Facility Type using expression value.replace(/[\\p{Zs}\\s]+/,' ')"
  },
  {
    "op": "core/text-transform",
    "engineConfig": {
      "facets": [],
      "mode": "row-based"
    },
    "columnName": "Facility Type",
    "expression": "value.toTitlecase()",
    "onError": "keep-original",
    "repeat": false,
    "repeatCount": 10,
    "description": "Text transform on cells in column Facility Type using expression value.toTitlecase()"
  },
  {
    "op": "core/mass-edit",
    "engineConfig": {
      "facets": [],
      "mode": "row-based"
    },
    "columnName": "Facility Type",
    "expression": "value",
    "edits": [
      {
        "from": [
          "Mobile Frozen Desserts Vendor",
          "Mobile Frozen Desserts Dispenser-non-motorized",
          "Mobile Frozen Dessert Vendor",
          "Mobile Frozen Dessert Dispenser_non Motorized.",
          "Mobile Frozen Dessert Disp/non-motorized",
          "Mobile Frozen Desserts Dispenser-non-motor"
        ],
        "fromBlank": false,
        "fromError": false,
        "to": "Mobile Frozen Desserts Vendor"
      },
      {
        "from": [
          "Children's Services Facility",
          "1023 Childern's Services Facility",
          "1023 Childern's Service Facility",
          "Childern's Services Facility",
          "Childern's Service Facility"
        ],
        "fromBlank": false,
        "fromError": false,
        "to": "Children's Services Facility"
      },
      {
        "from": [
          "Nursing Home",
          "1005 Nursing Home"
        ],
        "fromBlank": false,
        "fromError": false,
        "to": "Nursing Home"
      },
      {
        "from": [
          "Gas Station/store",
          "Gas Station/store Grocery"
        ],
        "fromBlank": false,
        "fromError": false,
        "to": "Gas Station/store"
      }
    ],
    "description": "Mass edit cells in column Facility Type"
  },
  {
    "op": "core/mass-edit",
    "engineConfig": {
      "facets": [],
      "mode": "row-based"
    },
    "columnName": "Facility Type",
    "expression": "value",
    "edits": [
      {
        "from": [
          "Daycare",
          "Daycare 1023",
          "Day Care 2-14",
          "Daycare 1586"
        ],
        "fromBlank": false,
        "fromError": false,
        "to": "Daycare"
      },
      {
        "from": [
          "Herbalife",
          "Herabalife",
          "Herbal Life"
        ],
        "fromBlank": false,
        "fromError": false,
        "to": "Herbal Life"
      },
      {
        "from": [
          "Tavern",
          "Tavern/1006"
        ],
        "fromBlank": false,
        "fromError": false,
        "to": "Tavern"
      }
    ],
    "description": "Mass edit cells in column Facility Type"
  },
  {
    "op": "core/mass-edit",
    "engineConfig": {
      "facets": [],
      "mode": "row-based"
    },
    "columnName": "Facility Type",
    "expression": "value",
    "edits": [
      {
        "from": [
          "Daycare Combo 1586",
          "Daycare Combo"
        ],
        "fromBlank": false,
        "fromError": false,
        "to": "Daycare"
      }
    ],
    "description": "Mass edit cells in column Facility Type"
  },
  {
    "op": "core/mass-edit",
    "engineConfig": {
      "facets": [],
      "mode": "row-based"
    },
    "columnName": "Facility Type",
    "expression": "value",
    "edits": [
      {
        "from": [
          "Gas Station",
          "Gas Station/mini Mart",
          "Gas Station/store",
          "Gas Station/ Grocery Store",
          "Gas Station/restaurant",
          "Gas Station /subway Mini Mart."
        ],
        "fromBlank": false,
        "fromError": false,
        "to": "Gas Station Store"
      },
      {
        "from": [
          "Summer Feeding",
          "Summer Feeding Prep Area"
        ],
        "fromBlank": false,
        "fromError": false,
        "to": "Summer Feeding Prep Area"
      },
      {
        "from": [
          "Food Pantry",
          "Food Pantry/church"
        ],
        "fromBlank": false,
        "fromError": false,
        "to": "Food Pantry"
      },
      {
        "from": [
          "Riverwalk",
          "Riverwalk Cafe"
        ],
        "fromBlank": false,
        "fromError": false,
        "to": "Riverwalk Cafe"
      },
      {
        "from": [
          "Drug Store/grocery",
          "Drug Store/w/ Food"
        ],
        "fromBlank": false,
        "fromError": false,
        "to": "Drug Store"
      },
      {
        "from": [
          "Art Gallery W/wine And Beer",
          "Art Gallery"
        ],
        "fromBlank": false,
        "fromError": false,
        "to": "Art Gallery W/wine And Beer"
      },
      {
        "from": [
          "Frozen Dessert Pushcarts",
          "Frozen Desserts Dispenser-non-motorized"
        ],
        "fromBlank": false,
        "fromError": false,
        "to": "Mobile Frozen Desserts Vendor"
      },
      {
        "from": [
          "Herbal Life Shop",
          "Herbalife/zumba"
        ],
        "fromBlank": false,
        "fromError": false,
        "to": "Herbal Life"
      },
      {
        "from": [
          "Health Center",
          "Health Center/nutrition Classes"
        ],
        "fromBlank": false,
        "fromError": false,
        "to": "Health Center"
      },
      {
        "from": [
          "Children's Services Facility",
          "Childern Activity Facility"
        ],
        "fromBlank": false,
        "fromError": false,
        "to": "Children's Services Facility"
      }
    ],
    "description": "Mass edit cells in column Facility Type"
  },
  {
    "op": "core/mass-edit",
    "engineConfig": {
      "facets": [],
      "mode": "row-based"
    },
    "columnName": "Facility Type",
    "expression": "value",
    "edits": [
      {
        "from": [
          "Daycare (2 - 6 Years)",
          "Daycare (2 Years)"
        ],
        "fromBlank": false,
        "fromError": false,
        "to": "Daycare (2 - 6 Years)"
      }
    ],
    "description": "Mass edit cells in column Facility Type"
  },
  {
    "op": "core/mass-edit",
    "engineConfig": {
      "facets": [],
      "mode": "row-based"
    },
    "columnName": "Facility Type",
    "expression": "value",
    "edits": [
      {
        "from": [
          "Mobile Food",
          "Mobil Food 1315"
        ],
        "fromBlank": false,
        "fromError": false,
        "to": "Mobile Food"
      }
    ],
    "description": "Mass edit cells in column Facility Type"
  },
  {
    "op": "core/mass-edit",
    "engineConfig": {
      "facets": [],
      "mode": "row-based"
    },
    "columnName": "Facility Type",
    "expression": "value",
    "edits": [
      {
        "from": [
          "Grocery Store",
          "Grocery Store/restaurant",
          "Grocery Store/gas Station",
          "Grocery Store/bakery",
          "Grocery Store/taqueria",
          "Grocery Store/cooking School",
          "Grocery Store/deli"
        ],
        "fromBlank": false,
        "fromError": false,
        "to": "Grocery Store"
      },
      {
        "from": [
          "Convenience Store",
          "Convenience",
          "Convenience/drug Store",
          "Convenience/gas Station"
        ],
        "fromBlank": false,
        "fromError": false,
        "to": "Convenience Store"
      },
      {
        "from": [
          "Shared Kitchen User (long Term)",
          "Shared Kitchen",
          "Shared Kitchen User (short Term)"
        ],
        "fromBlank": false,
        "fromError": false,
        "to": "Shared Kitchen"
      },
      {
        "from": [
          "Retail Store Offers Cooking Classes",
          "Retail Store"
        ],
        "fromBlank": false,
        "fromError": false,
        "to": "Retail Store"
      }
    ],
    "description": "Mass edit cells in column Facility Type"
  },
  {
    "op": "core/mass-edit",
    "engineConfig": {
      "facets": [],
      "mode": "row-based"
    },
    "columnName": "Facility Type",
    "expression": "value",
    "edits": [
      {
        "from": [
          "Restaurant/bar",
          "Restaurant(protein Shake Bar)",
          "Restaurant/bar/theater"
        ],
        "fromBlank": false,
        "fromError": false,
        "to": "Restaurant/bar"
      },
      {
        "from": [
          "Restaurant/grocery Store",
          "Restaurant/grocery"
        ],
        "fromBlank": false,
        "fromError": false,
        "to": "Grocery Store"
      }
    ],
    "description": "Mass edit cells in column Facility Type"
  },
  {
    "op": "core/mass-edit",
    "engineConfig": {
      "facets": [],
      "mode": "row-based"
    },
    "columnName": "Facility Type",
    "expression": "value",
    "edits": [
      {
        "from": [
          "Banquet",
          "Banquets"
        ],
        "fromBlank": false,
        "fromError": false,
        "to": "Banquet"
      },
      {
        "from": [
          "Restaurant/bar",
          "Reataurant/bar"
        ],
        "fromBlank": false,
        "fromError": false,
        "to": "Restaurant/bar"
      }
    ],
    "description": "Mass edit cells in column Facility Type"
  },
  {
    "op": "core/mass-edit",
    "engineConfig": {
      "facets": [],
      "mode": "row-based"
    },
    "columnName": "Facility Type",
    "expression": "value",
    "edits": [
      {
        "from": [
          "Herbal Life",
          "Herbal Medicine",
          "Herbal Remedy",
          "Herbalcal",
          "Herbal Drinks",
          "Herbal",
          "Herbal Store"
        ],
        "fromBlank": false,
        "fromError": false,
        "to": "Herbal Store"
      },
      {
        "from": [
          "Bakery",
          "Bakery/deli",
          "Bakery/grocery"
        ],
        "fromBlank": false,
        "fromError": false,
        "to": "Bakery"
      }
    ],
    "description": "Mass edit cells in column Facility Type"
  },
  {
    "op": "core/mass-edit",
    "engineConfig": {
      "facets": [],
      "mode": "row-based"
    },
    "columnName": "Facility Type",
    "expression": "value",
    "edits": [
      {
        "from": [
          "Liquor",
          "Fast Food/liquor",
          "Packaged Liquor",
          "Grocery/liquor",
          "Tavern-liquor",
          "Cat/liquor"
        ],
        "fromBlank": false,
        "fromError": false,
        "to": "Liquor"
      },
      {
        "from": [
          "Banquet Hall",
          "Banquet",
          "Banquet Rooms",
          "Banquet Facility",
          "Banquet Dining",
          "Lounge/banquet Hall"
        ],
        "fromBlank": false,
        "fromError": false,
        "to": "Banquet Hall"
      },
      {
        "from": [
          "Liquor",
          "Liquor Store",
          "Liquore Store/bar"
        ],
        "fromBlank": false,
        "fromError": false,
        "to": "Liquor Store"
      },
      {
        "from": [
          "Mobile Frozen Desserts Vendor",
          "Mobile Desserts Vendor",
          "Mobile Food Desserts Vendor"
        ],
        "fromBlank": false,
        "fromError": false,
        "to": "Mobile Desserts Vendor"
      },
      {
        "from": [
          "Rooftop",
          "Rest/rooftop",
          "Rooftop Patio"
        ],
        "fromBlank": false,
        "fromError": false,
        "to": "Rooftop"
      },
      {
        "from": [
          "After School Program",
          "After School Care",
          "Church/after School Program"
        ],
        "fromBlank": false,
        "fromError": false,
        "to": "After School Program"
      },
      {
        "from": [
          "Candy Store",
          "Candy Maker",
          "Candy Shop"
        ],
        "fromBlank": false,
        "fromError": false,
        "to": "Candy Store"
      },
      {
        "from": [
          "Ice Cream Shop",
          "Ice Cream",
          "Ice Cream Parlor"
        ],
        "fromBlank": false,
        "fromError": false,
        "to": "Ice Cream Shop"
      },
      {
        "from": [
          "Theater",
          "Theater/bar"
        ],
        "fromBlank": false,
        "fromError": false,
        "to": "Theater"
      },
      {
        "from": [
          "Liquor Store",
          "Liquore Store/bar"
        ],
        "fromBlank": false,
        "fromError": false,
        "to": "Liquor Store"
      },
      {
        "from": [
          "Culinary School",
          "Culinary Arts School"
        ],
        "fromBlank": false,
        "fromError": false,
        "to": "Culinary School"
      },
      {
        "from": [
          "Non -profit",
          "Not For Profit"
        ],
        "fromBlank": false,
        "fromError": false,
        "to": "Non-profit"
      },
      {
        "from": [
          "Hooka Lounge",
          "Hooka Bar"
        ],
        "fromBlank": false,
        "fromError": false,
        "to": "Hooka Bar"
      },
      {
        "from": [
          "Pantry",
          "Food Pantry"
        ],
        "fromBlank": false,
        "fromError": false,
        "to": "Food Pantry"
      }
    ],
    "description": "Mass edit cells in column Facility Type"
  },
  {
    "op": "core/mass-edit",
    "engineConfig": {
      "facets": [],
      "mode": "row-based"
    },
    "columnName": "Facility Type",
    "expression": "value",
    "edits": [
      {
        "from": [
          "Custom Poultry Slaughter",
          "Poultry Slaughter"
        ],
        "fromBlank": false,
        "fromError": false,
        "to": "Poultry Slaughter"
      }
    ],
    "description": "Mass edit cells in column Facility Type"
  },
  {
    "op": "core/mass-edit",
    "engineConfig": {
      "facets": [],
      "mode": "row-based"
    },
    "columnName": "Facility Type",
    "expression": "value",
    "edits": [
      {
        "from": [
          "Charter School",
          "Charter School/cafeteria"
        ],
        "fromBlank": false,
        "fromError": false,
        "to": "Charter School/cafeteria"
      }
    ],
    "description": "Mass edit cells in column Facility Type"
  },
  {
    "op": "core/text-transform",
    "engineConfig": {
      "facets": [],
      "mode": "row-based"
    },
    "columnName": "Inspection Type",
    "expression": "value.toTitlecase()",
    "onError": "keep-original",
    "repeat": false,
    "repeatCount": 10,
    "description": "Text transform on cells in column Inspection Type using expression value.toTitlecase()"
  },
  {
    "op": "core/text-transform",
    "engineConfig": {
      "facets": [],
      "mode": "row-based"
    },
    "columnName": "Results",
    "expression": "value.toTitlecase()",
    "onError": "keep-original",
    "repeat": false,
    "repeatCount": 10,
    "description": "Text transform on cells in column Results using expression value.toTitlecase()"
  },
  {
    "op": "core/text-transform",
    "engineConfig": {
      "facets": [],
      "mode": "row-based"
    },
    "columnName": "Violations",
    "expression": "value.replace(/[\\p{Zs}\\s]+/,' ')",
    "onError": "keep-original",
    "repeat": false,
    "repeatCount": 10,
    "description": "Text transform on cells in column Violations using expression value.replace(/[\\p{Zs}\\s]+/,' ')"
  },
  {
    "op": "core/mass-edit",
    "engineConfig": {
      "facets": [],
      "mode": "row-based"
    },
    "columnName": "Address",
    "expression": "value",
    "edits": [
      {
        "from": [
          "1410 S Museum Campus Dr",
          "1410 S Museum Campus Dr."
        ],
        "fromBlank": false,
        "fromError": false,
        "to": "1410 S Museum Campus Dr"
      },
      {
        "from": [
          "2646 N Milwaukee Ave Ave",
          "2646 N Milwaukee Ave"
        ],
        "fromBlank": false,
        "fromError": false,
        "to": "2646 N Milwaukee Ave"
      },
      {
        "from": [
          "5500 N St Louis Ave",
          "5500 N St. Louis Ave"
        ],
        "fromBlank": false,
        "fromError": false,
        "to": "5500 N St. Louis Ave"
      },
      {
        "from": [
          "750 N Franklin St",
          "750 N Franklin St."
        ],
        "fromBlank": false,
        "fromError": false,
        "to": "750 N Franklin St"
      },
      {
        "from": [
          "2301 S Indiana Ave",
          "2301 S Indiana Ave."
        ],
        "fromBlank": false,
        "fromError": false,
        "to": "2301 S Indiana Ave"
      },
      {
        "from": [
          "124 E 35th St",
          "124 E 35th St."
        ],
        "fromBlank": false,
        "fromError": false,
        "to": "124 E 35th St"
      },
      {
        "from": [
          "6319 S Dr Martin Luther King Jr Dr",
          "6319 S Dr. Martin Luther King Jr Dr"
        ],
        "fromBlank": false,
        "fromError": false,
        "to": "6319 S Dr. Martin Luther King Jr Dr"
      },
      {
        "from": [
          "3920 N Clark St",
          "3920 N Clark St."
        ],
        "fromBlank": false,
        "fromError": false,
        "to": "3920 N Clark St"
      },
      {
        "from": [
          "3323 W North Ave .",
          "3323 W North Ave"
        ],
        "fromBlank": false,
        "fromError": false,
        "to": "3323 W North Ave"
      },
      {
        "from": [
          "4628 N N Cumberland Ave",
          "4628 N Cumberland Ave"
        ],
        "fromBlank": false,
        "fromError": false,
        "to": "4628 N Cumberland Ave"
      },
      {
        "from": [
          "3901 S Dr Martin Luther King Jr Dr",
          "3901 S Dr Martin Luther King Jr"
        ],
        "fromBlank": false,
        "fromError": false,
        "to": "3901 S Dr Martin Luther King Jr Dr"
      }
    ],
    "description": "Mass edit cells in column Address"
  },
  {
    "op": "core/mass-edit",
    "engineConfig": {
      "facets": [],
      "mode": "row-based"
    },
    "columnName": "Address",
    "expression": "value",
    "edits": [
      {
        "from": [
          "2263 E 95th St",
          "2263 E 95 Th St"
        ],
        "fromBlank": false,
        "fromError": false,
        "to": "2263 E 95th St"
      },
      {
        "from": [
          "2401-2407 W Ogden Ave",
          "2401- 2407 W Ogden Ave"
        ],
        "fromBlank": false,
        "fromError": false,
        "to": "2401-2407 W Ogden Ave"
      },
      {
        "from": [
          "4358 W 51st St",
          "4358 W 51 St St"
        ],
        "fromBlank": false,
        "fromError": false,
        "to": "4358 W 51st St"
      },
      {
        "from": [
          "740 W 63st",
          "740 W 63 St"
        ],
        "fromBlank": false,
        "fromError": false,
        "to": "740 W 63st"
      },
      {
        "from": [
          "1960 W 13th St",
          "1960 W 13 Th St"
        ],
        "fromBlank": false,
        "fromError": false,
        "to": "1960 W 13th St"
      },
      {
        "from": [
          "5200 - 5210 N Cicero Ave",
          "5200-5210 N Cicero Ave"
        ],
        "fromBlank": false,
        "fromError": false,
        "to": "5200-5210 N Cicero Ave"
      },
      {
        "from": [
          "115 E 51st St",
          "115 E 51 St St"
        ],
        "fromBlank": false,
        "fromError": false,
        "to": "115 E 51st St"
      },
      {
        "from": [
          "641-643 E 47th St",
          "641 - 643 E 47th St"
        ],
        "fromBlank": false,
        "fromError": false,
        "to": "641-643 E 47th St"
      },
      {
        "from": [
          "4311-4315 N Kedzie Ave",
          "4311 - 4315 N Kedzie Ave"
        ],
        "fromBlank": false,
        "fromError": false,
        "to": "4311-4315 N Kedzie Ave"
      },
      {
        "from": [
          "5456 - 5460 S Kedzie Ave",
          "5456-5460 S Kedzie Ave"
        ],
        "fromBlank": false,
        "fromError": false,
        "to": "5456-5460 S Kedzie Ave"
      },
      {
        "from": [
          "10622-10624 S Halsted St",
          "10622 -10624 S Halsted St"
        ],
        "fromBlank": false,
        "fromError": false,
        "to": "10622-10624 S Halsted St"
      },
      {
        "from": [
          "1519 W 18th St",
          "1519 W 18 Th St"
        ],
        "fromBlank": false,
        "fromError": false,
        "to": "1519 W 18th St"
      },
      {
        "from": [
          "1757-1759 W 18th St",
          "1757 - 1759 W 18th St"
        ],
        "fromBlank": false,
        "fromError": false,
        "to": "1757-1759 W 18th St"
      },
      {
        "from": [
          "3143 W 51st St",
          "3143 W 51 St St"
        ],
        "fromBlank": false,
        "fromError": false,
        "to": "3143 W 51st St"
      },
      {
        "from": [
          "3000 -3002 W 26th St",
          "3000-3002 W 26th St"
        ],
        "fromBlank": false,
        "fromError": false,
        "to": "3000-3002 W 26th St"
      },
      {
        "from": [
          "621-623 W Randolph St",
          "621 -623 W Randolph St"
        ],
        "fromBlank": false,
        "fromError": false,
        "to": "621-623 W Randolph St"
      },
      {
        "from": [
          "2100 W 22nd Pl",
          "2100 W 22 Nd Pl"
        ],
        "fromBlank": false,
        "fromError": false,
        "to": "2100 W 22nd Pl"
      }
    ],
    "description": "Mass edit cells in column Address"
  },
  {
    "op": "core/mass-edit",
    "engineConfig": {
      "facets": [],
      "mode": "row-based"
    },
    "columnName": "Address",
    "expression": "value",
    "edits": [
      {
        "from": [
          "440-442 E 71st St",
          "440 - 42 E 71st St"
        ],
        "fromBlank": false,
        "fromError": false,
        "to": "440-442 E 71st St"
      }
    ],
    "description": "Mass edit cells in column Address"
  },
  {
    "op": "core/mass-edit",
    "engineConfig": {
      "facets": [],
      "mode": "row-based"
    },
    "columnName": "Inspection Type",
    "expression": "value",
    "edits": [
      {
        "from": [
          "License-task Force",
          "License Task Force / Not -for-profit Clu",
          "License Task Force / Not-for-profit Club"
        ],
        "fromBlank": false,
        "fromError": false,
        "to": "License-task Force"
      },
      {
        "from": [
          "License Re-inspection",
          "1315 License Reinspection"
        ],
        "fromBlank": false,
        "fromError": false,
        "to": "License Re-inspection"
      }
    ],
    "description": "Mass edit cells in column Inspection Type"
  },
  {
    "op": "core/mass-edit",
    "engineConfig": {
      "facets": [],
      "mode": "row-based"
    },
    "columnName": "Inspection Type",
    "expression": "value",
    "edits": [
      {
        "from": [
          "Task Force Liquor 1475",
          "Task Force Liquor 1470",
          "Task Force Liquor 1474",
          "Task Force Liquor (1481)"
        ],
        "fromBlank": false,
        "fromError": false,
        "to": "Task Force Liquor"
      }
    ],
    "description": "Mass edit cells in column Inspection Type"
  },
  {
    "op": "core/mass-edit",
    "engineConfig": {
      "facets": [],
      "mode": "row-based"
    },
    "columnName": "Inspection Type",
    "expression": "value",
    "edits": [
      {
        "from": [
          "Reinspection",
          "Reinspection Of 48 Hour Notice",
          "Re-inspection Of Close-up"
        ],
        "fromBlank": false,
        "fromError": false,
        "to": "Reinspection"
      },
      {
        "from": [
          "License-task Force",
          "License Daycare 1586",
          "License Task 1474"
        ],
        "fromBlank": false,
        "fromError": false,
        "to": "License-task Force"
      },
      {
        "from": [
          "License Re-inspection",
          "License Renewal For Daycare",
          "License Renewal Inspection For Daycare"
        ],
        "fromBlank": false,
        "fromError": false,
        "to": "License Re-inspection"
      }
    ],
    "description": "Mass edit cells in column Inspection Type"
  },
  {
    "op": "core/mass-edit",
    "engineConfig": {
      "facets": [],
      "mode": "row-based"
    },
    "columnName": "Inspection Type",
    "expression": "value",
    "edits": [
      {
        "from": [
          "Task Force Liquor",
          "Task Force Liquor Catering",
          "Task Force Liquor Inspection 1474",
          "Task Force(1470) Liquor Tavern"
        ],
        "fromBlank": false,
        "fromError": false,
        "to": "Task Force Liquor"
      }
    ],
    "description": "Mass edit cells in column Inspection Type"
  },
  {
    "op": "core/mass-edit",
    "engineConfig": {
      "facets": [],
      "mode": "row-based"
    },
    "columnName": "Inspection Type",
    "expression": "value",
    "edits": [
      {
        "from": [
          "Task Force Liquor",
          "Task Force For Liquor 1474"
        ],
        "fromBlank": false,
        "fromError": false,
        "to": "Task Force Liquor"
      },
      {
        "from": [
          "Not Ready",
          "License/not Ready"
        ],
        "fromBlank": false,
        "fromError": false,
        "to": "Not Ready"
      }
    ],
    "description": "Mass edit cells in column Inspection Type"
  },
  {
    "op": "core/mass-edit",
    "engineConfig": {
      "facets": [],
      "mode": "row-based"
    },
    "columnName": "Inspection Type",
    "expression": "value",
    "edits": [
      {
        "from": [
          "Not Ready",
          "Task Force Not Ready"
        ],
        "fromBlank": false,
        "fromError": false,
        "to": "Task Force Not Ready"
      }
    ],
    "description": "Mass edit cells in column Inspection Type"
  },
  {
    "op": "core/text-transform",
    "engineConfig": {
      "facets": [],
      "mode": "row-based"
    },
    "columnName": "Inspection Type",
    "expression": "value.replace(/\\d{4}/,\"\")",
    "onError": "keep-original",
    "repeat": false,
    "repeatCount": 10,
    "description": "Text transform on cells in column Inspection Type using expression value.replace(/\\d{4}/,\"\")"
  },
  {
    "op": "core/text-transform",
    "engineConfig": {
      "facets": [],
      "mode": "row-based"
    },
    "columnName": "Inspection Type",
    "expression": "value.trim()",
    "onError": "keep-original",
    "repeat": false,
    "repeatCount": 10,
    "description": "Text transform on cells in column Inspection Type using expression value.trim()"
  },
  {
    "op": "core/mass-edit",
    "engineConfig": {
      "facets": [],
      "mode": "row-based"
    },
    "columnName": "Inspection Type",
    "expression": "value",
    "edits": [
      {
        "from": [
          "Package Liquor",
          "Task Force Package Liquor"
        ],
        "fromBlank": false,
        "fromError": false,
        "to": "Task Force Package Liquor"
      }
    ],
    "description": "Mass edit cells in column Inspection Type"
  },
  {
    "op": "core/text-transform",
    "engineConfig": {
      "facets": [],
      "mode": "row-based"
    },
    "columnName": "Facility Type",
    "expression": "value.toTitlecase()",
    "onError": "keep-original",
    "repeat": false,
    "repeatCount": 10,
    "description": "Text transform on cells in column Facility Type using expression value.toTitlecase()"
  },
    {
    "op": "core/text-transform",
    "engineConfig": {
      "facets": [],
      "mode": "row-based"
    },
    "columnName": "Risk",
    "expression": "value.toString()",
    "onError": "keep-original",
    "repeat": false,
    "repeatCount": 10,
    "description": "Text transform on cells in column Risk using expression value.toString()"
  },
  {
    "op": "core/text-transform",
    "engineConfig": {
      "facets": [],
      "mode": "row-based"
    },
    "columnName": "AKA Name",
    "expression": "value.toString()",
    "onError": "keep-original",
    "repeat": false,
    "repeatCount": 10,
    "description": "Text transform on cells in column AKA Name using expression value.toString()"
  },
  {
    "op": "core/text-transform",
    "engineConfig": {
      "facets": [],
      "mode": "row-based"
    },
    "columnName": "Address",
    "expression": "value.toString()",
    "onError": "keep-original",
    "repeat": false,
    "repeatCount": 10,
    "description": "Text transform on cells in column Address using expression value.toString()"
  },
  {
    "op": "core/text-transform",
    "engineConfig": {
      "facets": [],
      "mode": "row-based"
    },
    "columnName": "City",
    "expression": "value.toString()",
    "onError": "keep-original",
    "repeat": false,
    "repeatCount": 10,
    "description": "Text transform on cells in column City using expression value.toString()"
  },
  {
    "op": "core/text-transform",
    "engineConfig": {
      "facets": [],
      "mode": "row-based"
    },
    "columnName": "Zip",
    "expression": "value.toString()",
    "onError": "keep-original",
    "repeat": false,
    "repeatCount": 10,
    "description": "Text transform on cells in column Zip using expression value.toString()"
  },
  {
    "op": "core/text-transform",
    "engineConfig": {
      "facets": [],
      "mode": "row-based"
    },
    "columnName": "Inspection Type",
    "expression": "value.toString()",
    "onError": "keep-original",
    "repeat": false,
    "repeatCount": 10,
    "description": "Text transform on cells in column Inspection Type using expression value.toString()"
  },
  {
    "op": "core/text-transform",
    "engineConfig": {
      "facets": [],
      "mode": "row-based"
    },
    "columnName": "Violations",
    "expression": "value.toString()",
    "onError": "keep-original",
    "repeat": false,
    "repeatCount": 10,
    "description": "Text transform on cells in column Violations using expression value.toString()"
  },
  {
    "op": "core/text-transform",
    "engineConfig": {
      "facets": [],
      "mode": "row-based"
    },
    "columnName": "Location",
    "expression": "value.toString()",
    "onError": "keep-original",
    "repeat": false,
    "repeatCount": 10,
    "description": "Text transform on cells in column Location using expression value.toString()"
  },
  {
    "op": "core/text-transform",
    "engineConfig": {
      "facets": [],
      "mode": "row-based"
    },
    "columnName": "City",
    "expression": "value.toTitlecase()",
    "onError": "keep-original",
    "repeat": false,
    "repeatCount": 10,
    "description": "Text transform on cells in column City using expression value.toTitlecase()"
  }
]