[
  {
    "op": "core/text-transform",
    "engineConfig": {
      "facets": [],
      "mode": "row-based"
    },
    "columnName": "Facility Type",
    "expression": "value.toTitlecase()",
    "onError": "keep-original",
    "repeat": false,
    "repeatCount": 10,
    "description": "Text transform on cells in column Facility Type using expression value.toTitlecase()"
  },
  {
    "op": "core/mass-edit",
    "engineConfig": {
      "facets": [],
      "mode": "row-based"
    },
    "columnName": "Facility Type",
    "expression": "value",
    "edits": [
      {
        "from": [
          "Mobile Frozen Desserts Vendor",
          "Mobile Frozen Desserts Dispenser-non-motorized",
          "Mobile Frozen Dessert Vendor",
          "Mobile Frozen Dessert Dispenser_non Motorized.",
          "Mobile Frozen Dessert Disp/non-motorized",
          "Mobile Frozen Desserts Dispenser-non-motor"
        ],
        "fromBlank": false,
        "fromError": false,
        "to": "Mobile Frozen Desserts Vendor"
      },
      {
        "from": [
          "Children's Services Facility",
          "1023 Childern's Services Facility",
          "1023 Childern's Service Facility",
          "Childern's Services Facility",
          "Childern's Service Facility"
        ],
        "fromBlank": false,
        "fromError": false,
        "to": "Children's Services Facility"
      },
      {
        "from": [
          "Nursing Home",
          "1005 Nursing Home"
        ],
        "fromBlank": false,
        "fromError": false,
        "to": "Nursing Home"
      },
      {
        "from": [
          "Gas Station/store",
          "Gas Station/store Grocery"
        ],
        "fromBlank": false,
        "fromError": false,
        "to": "Gas Station/store"
      }
    ],
    "description": "Mass edit cells in column Facility Type"
  },
  {
    "op": "core/mass-edit",
    "engineConfig": {
      "facets": [],
      "mode": "row-based"
    },
    "columnName": "Facility Type",
    "expression": "value",
    "edits": [
      {
        "from": [
          "Daycare",
          "Daycare 1023",
          "Day Care 2-14",
          "Daycare 1586"
        ],
        "fromBlank": false,
        "fromError": false,
        "to": "Daycare"
      },
      {
        "from": [
          "Herbalife",
          "Herabalife",
          "Herbal Life"
        ],
        "fromBlank": false,
        "fromError": false,
        "to": "Herbal Life"
      },
      {
        "from": [
          "Tavern",
          "Tavern/1006"
        ],
        "fromBlank": false,
        "fromError": false,
        "to": "Tavern"
      }
    ],
    "description": "Mass edit cells in column Facility Type"
  },
  {
    "op": "core/mass-edit",
    "engineConfig": {
      "facets": [],
      "mode": "row-based"
    },
    "columnName": "Facility Type",
    "expression": "value",
    "edits": [
      {
        "from": [
          "Daycare Combo 1586",
          "Daycare Combo"
        ],
        "fromBlank": false,
        "fromError": false,
        "to": "Daycare"
      }
    ],
    "description": "Mass edit cells in column Facility Type"
  },
  {
    "op": "core/mass-edit",
    "engineConfig": {
      "facets": [],
      "mode": "row-based"
    },
    "columnName": "Facility Type",
    "expression": "value",
    "edits": [
      {
        "from": [
          "Gas Station",
          "Gas Station/mini Mart",
          "Gas Station/store",
          "Gas Station/ Grocery Store",
          "Gas Station/restaurant",
          "Gas Station /subway Mini Mart."
        ],
        "fromBlank": false,
        "fromError": false,
        "to": "Gas Station Store"
      },
      {
        "from": [
          "Summer Feeding",
          "Summer Feeding Prep Area"
        ],
        "fromBlank": false,
        "fromError": false,
        "to": "Summer Feeding Prep Area"
      },
      {
        "from": [
          "Food Pantry",
          "Food Pantry/church"
        ],
        "fromBlank": false,
        "fromError": false,
        "to": "Food Pantry"
      },
      {
        "from": [
          "Riverwalk",
          "Riverwalk Cafe"
        ],
        "fromBlank": false,
        "fromError": false,
        "to": "Riverwalk Cafe"
      },
      {
        "from": [
          "Drug Store/grocery",
          "Drug Store/w/ Food"
        ],
        "fromBlank": false,
        "fromError": false,
        "to": "Drug Store"
      },
      {
        "from": [
          "Art Gallery W/wine And Beer",
          "Art Gallery"
        ],
        "fromBlank": false,
        "fromError": false,
        "to": "Art Gallery W/wine And Beer"
      },
      {
        "from": [
          "Frozen Dessert Pushcarts",
          "Frozen Desserts Dispenser-non-motorized"
        ],
        "fromBlank": false,
        "fromError": false,
        "to": "Mobile Frozen Desserts Vendor"
      },
      {
        "from": [
          "Herbal Life Shop",
          "Herbalife/zumba"
        ],
        "fromBlank": false,
        "fromError": false,
        "to": "Herbal Life"
      },
      {
        "from": [
          "Health Center",
          "Health Center/nutrition Classes"
        ],
        "fromBlank": false,
        "fromError": false,
        "to": "Health Center"
      },
      {
        "from": [
          "Children's Services Facility",
          "Childern Activity Facility"
        ],
        "fromBlank": false,
        "fromError": false,
        "to": "Children's Services Facility"
      }
    ],
    "description": "Mass edit cells in column Facility Type"
  },
  {
    "op": "core/mass-edit",
    "engineConfig": {
      "facets": [],
      "mode": "row-based"
    },
    "columnName": "Facility Type",
    "expression": "value",
    "edits": [
      {
        "from": [
          "Daycare (2 - 6 Years)",
          "Daycare (2 Years)"
        ],
        "fromBlank": false,
        "fromError": false,
        "to": "Daycare (2 - 6 Years)"
      }
    ],
    "description": "Mass edit cells in column Facility Type"
  },
  {
    "op": "core/mass-edit",
    "engineConfig": {
      "facets": [],
      "mode": "row-based"
    },
    "columnName": "Facility Type",
    "expression": "value",
    "edits": [
      {
        "from": [
          "Mobile Food",
          "Mobil Food 1315"
        ],
        "fromBlank": false,
        "fromError": false,
        "to": "Mobile Food"
      }
    ],
    "description": "Mass edit cells in column Facility Type"
  },
  {
    "op": "core/mass-edit",
    "engineConfig": {
      "facets": [],
      "mode": "row-based"
    },
    "columnName": "Facility Type",
    "expression": "value",
    "edits": [
      {
        "from": [
          "Grocery Store",
          "Grocery Store/restaurant",
          "Grocery Store/gas Station",
          "Grocery Store/bakery",
          "Grocery Store/taqueria",
          "Grocery Store/cooking School",
          "Grocery Store/deli"
        ],
        "fromBlank": false,
        "fromError": false,
        "to": "Grocery Store"
      },
      {
        "from": [
          "Convenience Store",
          "Convenience",
          "Convenience/drug Store",
          "Convenience/gas Station"
        ],
        "fromBlank": false,
        "fromError": false,
        "to": "Convenience Store"
      },
      {
        "from": [
          "Shared Kitchen User (long Term)",
          "Shared Kitchen",
          "Shared Kitchen User (short Term)"
        ],
        "fromBlank": false,
        "fromError": false,
        "to": "Shared Kitchen"
      },
      {
        "from": [
          "Retail Store Offers Cooking Classes",
          "Retail Store"
        ],
        "fromBlank": false,
        "fromError": false,
        "to": "Retail Store"
      }
    ],
    "description": "Mass edit cells in column Facility Type"
  },
  {
    "op": "core/mass-edit",
    "engineConfig": {
      "facets": [],
      "mode": "row-based"
    },
    "columnName": "Facility Type",
    "expression": "value",
    "edits": [
      {
        "from": [
          "Restaurant/bar",
          "Restaurant(protein Shake Bar)",
          "Restaurant/bar/theater"
        ],
        "fromBlank": false,
        "fromError": false,
        "to": "Restaurant/bar"
      },
      {
        "from": [
          "Restaurant/grocery Store",
          "Restaurant/grocery"
        ],
        "fromBlank": false,
        "fromError": false,
        "to": "Grocery Store"
      }
    ],
    "description": "Mass edit cells in column Facility Type"
  },
  {
    "op": "core/mass-edit",
    "engineConfig": {
      "facets": [],
      "mode": "row-based"
    },
    "columnName": "Facility Type",
    "expression": "value",
    "edits": [
      {
        "from": [
          "Banquet",
          "Banquets"
        ],
        "fromBlank": false,
        "fromError": false,
        "to": "Banquet"
      },
      {
        "from": [
          "Restaurant/bar",
          "Reataurant/bar"
        ],
        "fromBlank": false,
        "fromError": false,
        "to": "Restaurant/bar"
      }
    ],
    "description": "Mass edit cells in column Facility Type"
  },
  {
    "op": "core/mass-edit",
    "engineConfig": {
      "facets": [],
      "mode": "row-based"
    },
    "columnName": "Facility Type",
    "expression": "value",
    "edits": [
      {
        "from": [
          "Herbal Life",
          "Herbal Medicine",
          "Herbal Remedy",
          "Herbalcal",
          "Herbal Drinks",
          "Herbal",
          "Herbal Store"
        ],
        "fromBlank": false,
        "fromError": false,
        "to": "Herbal Store"
      },
      {
        "from": [
          "Bakery",
          "Bakery/deli",
          "Bakery/grocery"
        ],
        "fromBlank": false,
        "fromError": false,
        "to": "Bakery"
      }
    ],
    "description": "Mass edit cells in column Facility Type"
  },
  {
    "op": "core/mass-edit",
    "engineConfig": {
      "facets": [],
      "mode": "row-based"
    },
    "columnName": "Facility Type",
    "expression": "value",
    "edits": [
      {
        "from": [
          "Liquor",
          "Fast Food/liquor",
          "Packaged Liquor",
          "Grocery/liquor",
          "Tavern-liquor",
          "Cat/liquor"
        ],
        "fromBlank": false,
        "fromError": false,
        "to": "Liquor"
      },
      {
        "from": [
          "Banquet Hall",
          "Banquet",
          "Banquet Rooms",
          "Banquet Facility",
          "Banquet Dining",
          "Lounge/banquet Hall"
        ],
        "fromBlank": false,
        "fromError": false,
        "to": "Banquet Hall"
      },
      {
        "from": [
          "Liquor",
          "Liquor Store",
          "Liquore Store/bar"
        ],
        "fromBlank": false,
        "fromError": false,
        "to": "Liquor Store"
      },
      {
        "from": [
          "Mobile Frozen Desserts Vendor",
          "Mobile Desserts Vendor",
          "Mobile Food Desserts Vendor"
        ],
        "fromBlank": false,
        "fromError": false,
        "to": "Mobile Desserts Vendor"
      },
      {
        "from": [
          "Rooftop",
          "Rest/rooftop",
          "Rooftop Patio"
        ],
        "fromBlank": false,
        "fromError": false,
        "to": "Rooftop"
      },
      {
        "from": [
          "After School Program",
          "After School Care",
          "Church/after School Program"
        ],
        "fromBlank": false,
        "fromError": false,
        "to": "After School Program"
      },
      {
        "from": [
          "Candy Store",
          "Candy Maker",
          "Candy Shop"
        ],
        "fromBlank": false,
        "fromError": false,
        "to": "Candy Store"
      },
      {
        "from": [
          "Ice Cream Shop",
          "Ice Cream",
          "Ice Cream Parlor"
        ],
        "fromBlank": false,
        "fromError": false,
        "to": "Ice Cream Shop"
      },
      {
        "from": [
          "Theater",
          "Theater/bar"
        ],
        "fromBlank": false,
        "fromError": false,
        "to": "Theater"
      },
      {
        "from": [
          "Liquor Store",
          "Liquore Store/bar"
        ],
        "fromBlank": false,
        "fromError": false,
        "to": "Liquor Store"
      },
      {
        "from": [
          "Culinary School",
          "Culinary Arts School"
        ],
        "fromBlank": false,
        "fromError": false,
        "to": "Culinary School"
      },
      {
        "from": [
          "Non -profit",
          "Not For Profit"
        ],
        "fromBlank": false,
        "fromError": false,
        "to": "Non-profit"
      },
      {
        "from": [
          "Hooka Lounge",
          "Hooka Bar"
        ],
        "fromBlank": false,
        "fromError": false,
        "to": "Hooka Bar"
      },
      {
        "from": [
          "Pantry",
          "Food Pantry"
        ],
        "fromBlank": false,
        "fromError": false,
        "to": "Food Pantry"
      }
    ],
    "description": "Mass edit cells in column Facility Type"
  },
  {
    "op": "core/mass-edit",
    "engineConfig": {
      "facets": [],
      "mode": "row-based"
    },
    "columnName": "Facility Type",
    "expression": "value",
    "edits": [
      {
        "from": [
          "Custom Poultry Slaughter",
          "Poultry Slaughter"
        ],
        "fromBlank": false,
        "fromError": false,
        "to": "Poultry Slaughter"
      }
    ],
    "description": "Mass edit cells in column Facility Type"
  },
  {
    "op": "core/mass-edit",
    "engineConfig": {
      "facets": [],
      "mode": "row-based"
    },
    "columnName": "Facility Type",
    "expression": "value",
    "edits": [
      {
        "from": [
          "Charter School",
          "Charter School/cafeteria"
        ],
        "fromBlank": false,
        "fromError": false,
        "to": "Charter School/cafeteria"
      }
    ],
    "description": "Mass edit cells in column Facility Type"
  },
  {
    "op": "core/mass-edit",
    "engineConfig": {
      "facets": [],
      "mode": "row-based"
    },
    "columnName": "Facility Type",
    "expression": "value",
    "edits": [
      {
        "from": [
          "Special Event",
          "Church/special Events"
        ],
        "fromBlank": false,
        "fromError": false,
        "to": "Special Event"
      }
    ],
    "description": "Mass edit cells in column Facility Type"
  },
  {
    "op": "core/text-transform",
    "engineConfig": {
      "facets": [],
      "mode": "row-based"
    },
    "columnName": "Facility Type",
    "expression": "value.replace(\".\",\"\")",
    "onError": "keep-original",
    "repeat": false,
    "repeatCount": 10,
    "description": "Text transform on cells in column Facility Type using expression value.replace(\".\",\"\")"
  },
  {
    "op": "core/text-transform",
    "engineConfig": {
      "facets": [],
      "mode": "row-based"
    },
    "columnName": "Facility Type",
    "expression": "value.replace(\"&\",\" AND \")",
    "onError": "keep-original",
    "repeat": false,
    "repeatCount": 10,
    "description": "Text transform on cells in column Facility Type using expression value.replace(\"&\",\" AND \")"
  },
  {
    "op": "core/text-transform",
    "engineConfig": {
      "facets": [],
      "mode": "row-based"
    },
    "columnName": "Facility Type",
    "expression": "value.replace(/[\\p{Zs}\\s]+/,' ')",
    "onError": "keep-original",
    "repeat": false,
    "repeatCount": 10,
    "description": "Text transform on cells in column Facility Type using expression value.replace(/[\\p{Zs}\\s]+/,' ')"
  }
]